Wall time,Step,Value
1575016540.0762029,0,12.21212100982666
1575016543.3525922,10,142.25
1575016546.7596521,20,200.0
1575016550.2459595,30,148.3333282470703
1575016553.6957757,40,200.0
1575016557.384469,50,121.5
1575016560.986042,60,200.0
1575016564.4427497,70,200.0
1575016568.057172,80,200.0
1575016571.5700588,90,200.0
