Wall time,Step,Value
1575016386.0911703,0,12.21212100982666
1575016388.1660879,10,9.619047164916992
1575016390.1708405,20,9.348836898803711
1575016392.224303,30,9.348836898803711
1575016394.8066268,40,9.325581550598145
1575016397.1371953,50,9.302325248718262
1575016399.3443744,60,9.25
1575016401.4384072,70,9.372093200683594
1575016403.596211,80,9.511628150939941
1575016405.950285,90,9.25
