Wall time,Step,Value
1575016577.7752962,0,30.733333587646484
1575016581.1158125,10,164.0
1575016584.5378156,20,200.0
1575016587.9203253,30,200.0
1575016591.6766222,40,200.0
1575016595.4051683,50,200.0
1575016598.895354,60,200.0
1575016602.3467617,70,200.0
1575016605.9412117,80,200.0
1575016609.5065758,90,200.0
