Wall time,Step,Value
1575016497.454989,0,30.733333587646484
1575016501.3055563,10,142.0
1575016505.4261968,20,200.0
1575016509.7074208,30,200.0
1575016513.3709095,40,200.0
1575016517.2086992,50,200.0
1575016521.2270677,60,200.0
1575016524.99416,70,200.0
1575016528.982839,80,133.6666717529297
1575016533.3881204,90,130.5
